post_id,post_date,is_published,email_sent_at,inbox_sent_at,type,audience,title,subtitle,podcast_url
161134738.memo-315-sundimiseks-valmis,,false,,,newsletter,everyone,,,
160633170.memo-314-pikk-jutt,2025-04-07T05:31:02.191Z,true,2025-04-07T05:31:02.350Z,2025-04-07T05:31:02.350Z,newsletter,everyone,Memo #314: Kontsert-loeng,,
160116111.memo-313-tegutsemine-on-vaimne-heaolu,2025-03-31T05:30:46.729Z,true,2025-03-31T05:30:46.827Z,2025-03-31T05:30:46.827Z,newsletter,everyone,Memo #313: Tegutsemine = vaimne heaolu,,
159534389.memo-312-suitsusest-ruumist-valja,2025-03-24T06:30:57.495Z,true,2025-03-24T06:30:57.587Z,2025-03-24T06:30:57.587Z,newsletter,everyone,Memo #312: Suitsusest ruumist välja,,
159113032.memo-311-kutsu,2025-03-17T06:30:56.536Z,true,2025-03-17T06:30:56.655Z,2025-03-17T06:30:56.655Z,newsletter,everyone,Memo #311: KUTSU,,
158648426.memo-310-voidurelvastumine,2025-03-10T06:30:49.830Z,true,2025-03-10T06:30:49.917Z,2025-03-10T06:30:49.917Z,newsletter,everyone,Memo #310: Võidurelvastumine,,
158089815.memo-309-konelemised-koneldud,2025-03-03T06:30:42.207Z,true,2025-03-03T06:30:42.329Z,2025-03-03T06:30:42.329Z,newsletter,everyone,Memo #309: Kõnelemised kõneldud,,
157673708.memo-308-eesti-107,2025-02-24T06:30:54.222Z,true,2025-02-24T06:30:54.314Z,2025-02-24T06:30:54.314Z,newsletter,everyone,Memo #308: 🇪🇪 Eesti 107,,
157126958.memo-307-printsiip,2025-02-17T06:31:25.570Z,true,2025-02-17T06:31:25.670Z,2025-02-17T06:31:25.670Z,newsletter,everyone,Memo #307: Printsiip,,
156727134.memo-306-elderly-pride,2025-02-10T06:30:57.343Z,true,2025-02-10T06:30:57.447Z,2025-02-10T06:30:57.447Z,newsletter,everyone,Memo #306: 👴 Elderly pride,,
156165230.memo-305-keelatagu,2025-02-03T06:30:55.719Z,true,2025-02-03T06:30:55.798Z,2025-02-03T06:30:55.798Z,newsletter,everyone,Memo #305: Keelatagu?,,
155682032.memo-304-usaeuroopahiina,2025-01-27T06:31:10.079Z,true,2025-01-27T06:31:10.214Z,2025-01-27T06:31:10.214Z,newsletter,everyone,Memo #304: USA⇄Euroopa⇄Hiina,,
155076917.memo-303-riik-ajab-vorgud-fuusiliseks,2025-01-20T06:30:56.216Z,true,2025-01-20T06:30:56.307Z,2025-01-20T06:30:56.307Z,newsletter,everyone,Memo #303: Geopoliitika = riigid + sotsiaalmeedia,,
154615893.memo-302-kas-me-oleme-halvad-voi,2025-01-13T06:31:18.685Z,true,2025-01-13T06:31:18.787Z,2025-01-13T06:31:18.787Z,newsletter,everyone,Memo #302: Kas me oleme halvad või head?,,
153851348.2025-ennustused-endale,,false,,,newsletter,everyone,,,
153851321.memo-301-kobarokraatia,2025-01-06T06:30:48.855Z,true,2025-01-06T06:30:48.957Z,2025-01-06T06:30:48.957Z,newsletter,everyone,Memo #301: Kobarokraatia,,
153706250.memo-300-aasta,2024-12-30T06:30:48.885Z,true,2024-12-30T06:30:48.994Z,2024-12-30T06:30:48.994Z,newsletter,everyone,Memo #300: Aasta ✅,,
153405345.memo-299-tarade-uletamisest,2024-12-23T06:30:49.439Z,true,2024-12-23T06:30:49.612Z,2024-12-23T06:30:49.612Z,newsletter,everyone,Memo #299: Tarade ületamisest,,
153117623.memo-298-ukski-kingitus-ei-ole-tasuta,2024-12-16T06:30:50.618Z,true,2024-12-16T06:30:50.719Z,2024-12-16T06:30:50.719Z,newsletter,everyone,Memo #298: Ükski kingitus ei ole tasuta,,
152694896.memo-297-cheugy-af,2024-12-09T06:30:47.779Z,true,2024-12-09T06:30:47.890Z,2024-12-09T06:30:47.890Z,newsletter,everyone,Memo #297: Cheugy AF,,
152350547.memo-296-flippening,2024-12-02T06:30:47.996Z,true,2024-12-02T06:30:48.074Z,2024-12-02T06:30:48.074Z,newsletter,everyone,Memo #296: Flippening,,
152052767.memo-295-japp,2024-11-25T06:31:08.952Z,true,2024-11-25T06:31:09.030Z,2024-11-25T06:31:09.030Z,newsletter,everyone,Memo #295: Jäpp,,
151750843.memo-294-reaalsuse-ratsepad,2024-11-18T06:31:25.737Z,true,2024-11-18T06:31:25.804Z,2024-11-18T06:31:25.804Z,newsletter,everyone,Memo #294: Reaalsuse rätsepad,,
151410417.memo-293-kratt-ja-kaki,2024-11-11T06:31:16.592Z,true,2024-11-11T06:31:16.661Z,2024-11-11T06:31:16.661Z,newsletter,everyone,Memo #293: Kratt ja kaki,,
151096991.memo-292-seadus-ja-vabadus,2024-11-04T06:31:05.117Z,true,2024-11-04T06:31:05.211Z,2024-11-04T06:31:05.211Z,newsletter,everyone,Memo #292: Seadus ja vabadus,,
150743856.memo-291-aeglased-lahingud-vorgustike,2024-10-28T06:31:15.684Z,true,2024-10-28T06:31:15.790Z,2024-10-28T06:31:15.790Z,newsletter,everyone,Memo #291: Võrgustikusõjad,,
150443436.memo-290,2024-10-21T05:31:04.410Z,true,2024-10-21T05:31:04.518Z,2024-10-21T05:31:04.518Z,newsletter,everyone,Memo #290: Kümme selget lauset,,
150162523.memo-289-lageruube-ja-puuduvad-kohvikud,2024-10-14T05:30:56.885Z,true,2024-10-14T05:30:56.973Z,2024-10-14T05:30:56.973Z,newsletter,everyone,Memo #289: Lagerüübe,,
149836658.memo-288-pinata,2024-10-07T05:30:45.965Z,true,2024-10-07T05:30:46.066Z,2024-10-07T05:30:46.066Z,newsletter,everyone,Memo #288: Piñata,,
149521366.memo-287-valismaa-konsultandid,2024-09-30T05:30:58.907Z,true,2024-09-30T05:30:59.040Z,2024-09-30T05:30:59.040Z,newsletter,everyone,Memo #287: Välismaa konsultandid,,
149191575.memo-286-maksumaksja-eri,2024-09-23T05:30:48.595Z,true,2024-09-23T05:30:48.678Z,2024-09-23T05:30:48.678Z,newsletter,everyone,Memo #286: Maksumaksja eri,,
148878041.memo-285-vastuta,2024-09-16T05:30:29.183Z,true,2024-09-16T05:30:29.278Z,2024-09-16T05:30:29.278Z,newsletter,everyone,Memo #285: Vastuta.,,
148604574.memo-284-kooliaasta-algas,2024-09-09T05:30:19.337Z,true,2024-09-09T05:30:19.444Z,2024-09-09T05:30:19.444Z,newsletter,everyone,Memo #284: Kooliaasta algas,,
148332688.memo-283-energia-on-paigas,2024-09-02T05:31:00.058Z,true,2024-09-02T05:31:00.181Z,2024-09-02T05:31:00.181Z,newsletter,everyone,Memo #283: Energia on paigas,,
148070259.memo-282-kas-sa-oled-valmis-veidraks,2024-08-26T05:31:13.059Z,true,2024-08-26T05:31:13.131Z,2024-08-26T05:31:13.131Z,newsletter,everyone,Memo #282: Kas sa oled valmis veidraks?,,
147812540.memo-281-ajalooteljel-edasi-tagasi,2024-08-19T05:30:13.788Z,true,2024-08-19T05:30:13.893Z,2024-08-19T05:30:13.893Z,newsletter,everyone,Memo #281: Ajalooteljel edasi-tagasi,,
147547754.memo-280-astuvad-rehale,2024-08-12T05:30:30.321Z,true,2024-08-12T05:30:30.402Z,2024-08-12T05:30:30.402Z,newsletter,everyone,Memo #280: Astuvad rehale,,
147330057.memo-279-kringel-adum,2024-08-05T05:31:08.645Z,true,2024-08-05T05:31:08.724Z,2024-08-05T05:31:08.724Z,newsletter,everyone,Memo #279: Kringel adum,,
147060466.memo-278,2024-07-29T05:31:01.740Z,true,2024-07-29T05:31:01.891Z,2024-07-29T05:31:01.891Z,newsletter,everyone,Memo #278: ⭐️⭐️⭐️☆☆☆☆☆☆☆,,
146814419.memo-277-miks-nad-ometi-toetavad,2024-07-22T05:31:08.206Z,true,2024-07-22T05:31:08.303Z,2024-07-22T05:31:08.303Z,newsletter,everyone,Memo #277: Miks nad ometi toetavad Trumpi,,
146568438.memo-276-kapitali-koondumised,2024-07-15T05:30:47.651Z,true,2024-07-15T05:30:47.766Z,2024-07-15T05:30:47.766Z,newsletter,everyone,Memo #276: Kapitali koondumised,,
146335298.memo-275-napo-keerulises-maailmas,2024-07-08T05:31:02.310Z,true,2024-07-08T05:31:02.512Z,2024-07-08T05:31:02.512Z,newsletter,everyone,Memo #275: Näpö keerulises maailmas,,
146074536.memo-274-oigel-kohal,2024-07-01T05:30:42.839Z,true,2024-07-01T05:30:43.005Z,2024-07-01T05:30:43.005Z,newsletter,everyone,Memo #274: Kes võidab?,,
145886566.memo-273-diil,2024-06-24T05:30:51.540Z,true,2024-06-24T05:30:51.637Z,2024-06-24T05:30:51.637Z,newsletter,everyone,Memo #273: Diil,,
145668026.memo-272-antennid-ja-piksevardad,2024-06-17T05:30:55.374Z,true,2024-06-17T05:30:55.501Z,2024-06-17T05:30:55.501Z,newsletter,everyone,Memo #272: Antennid ja piksevardad,,
145439506.memo-271-murakas-turistiklassis,2024-06-10T05:31:20.084Z,true,2024-06-10T05:31:20.154Z,2024-06-10T05:31:20.154Z,newsletter,everyone,Memo #271: Mürakas turistiklassis,,
145192356.memo-270-valima,2024-06-03T05:30:16.067Z,true,2024-06-03T05:30:16.157Z,2024-06-03T05:30:16.157Z,newsletter,everyone,Memo #270: Valima!,,
144963582.memo-269-susteemsed-pingutused,2024-05-27T05:30:38.933Z,true,2024-05-27T05:30:39.033Z,2024-05-27T05:30:39.033Z,newsletter,everyone,Memo #269: Süsteemsed pingutused,,
144748639.memo-268-outro,2024-05-20T05:30:57.539Z,true,2024-05-20T05:30:57.640Z,2024-05-20T05:30:57.640Z,newsletter,everyone,Memo #268: Outro,,
144525998.memo-267-alasti-tode,2024-05-13T05:30:35.938Z,true,2024-05-13T05:30:36.020Z,2024-05-13T05:30:36.020Z,newsletter,everyone,Memo #267: Alasti tõde,,
144304968.memo-266-malu-petab,2024-05-06T05:30:29.251Z,true,2024-05-06T05:30:29.314Z,2024-05-06T05:30:29.314Z,newsletter,everyone,Memo #266: Mälu petab,,
144039191.memo-265-valismaalt,2024-04-29T05:30:51.140Z,true,2024-04-29T05:30:51.206Z,2024-04-29T05:30:51.206Z,newsletter,everyone,Memo #265: Välismaalt,,
143792538.memo-264-tokendid,2024-04-22T05:30:43.662Z,true,2024-04-22T05:30:43.754Z,2024-04-22T05:30:43.754Z,newsletter,everyone,Memo #264: Tõkendid,,
143543157.memo-263-loodusseadused-kehtivad,2024-04-15T05:31:05.873Z,true,2024-04-15T05:31:06.009Z,2024-04-15T05:31:06.009Z,newsletter,everyone,Memo #263: Loodusseadused kehtivad edasi,,
143327378.memo-262-saame-ikka-kokku-ka,2024-04-08T05:30:56.761Z,true,2024-04-08T05:30:56.827Z,2024-04-08T05:30:56.827Z,newsletter,everyone,Memo 262: Saame ikka kokku ka,,
143075475.memo-261-gruppide-sulandumine,2024-04-01T05:30:06.434Z,true,2024-04-01T05:30:06.491Z,2024-04-01T05:30:06.491Z,newsletter,everyone,Memo #261: Gruppide sulandumine,,
142879344.memo-260-bullerby-jookseb-laiali,2024-03-25T06:30:42.374Z,true,2024-03-25T06:30:42.511Z,2024-03-25T06:30:42.511Z,newsletter,everyone,Memo #260: Bullerby jookseb laiali,,
142662592.memo-259-adumid-riigikogus,2024-03-18T06:30:21.514Z,true,2024-03-18T06:30:21.590Z,2024-03-18T06:30:21.590Z,newsletter,everyone,Memo #259: Adumid riigikogus,,
142445048.memo-258-sonastamise-joud,2024-03-11T06:30:27.704Z,true,2024-03-11T06:30:27.775Z,2024-03-11T06:30:27.775Z,newsletter,everyone,Memo #258: Sõnastamise jõud,,
142394624.sandbox,,false,,,newsletter,everyone,,,
142237366.memo-257-sumptom-varjutab-pohjust,2024-03-04T06:30:19.962Z,true,2024-03-04T06:30:20.076Z,2024-03-04T06:30:20.076Z,newsletter,everyone,Memo #257: Sümptom varjutab põhjust,,
141954550.memo-256-petlikud-kujud,2024-02-26T06:30:40.160Z,true,2024-02-26T06:30:40.227Z,2024-02-26T06:30:40.227Z,newsletter,everyone,Memo #256: Petlikud kujud,,
141753321.memo-255-ilmajaetus,2024-02-19T06:31:20.680Z,true,2024-02-19T06:31:20.787Z,2024-02-19T06:31:20.787Z,newsletter,everyone,Memo #255: Ilmajäetus,,
141520411.memo-254-see-juhtub-varsti,2024-02-12T06:31:15.960Z,true,2024-02-12T06:31:16.036Z,2024-02-12T06:31:16.036Z,newsletter,everyone,Memo #254: See juhtub varsti,,
141333451.memo-253-ennustamatud,2024-02-05T06:30:15.890Z,true,2024-02-05T06:30:15.958Z,2024-02-05T06:30:15.958Z,newsletter,everyone,Memo #253: Ennustamatud,,
141092640.memo-252-ule-piiri-moju,2024-01-29T06:30:30.996Z,true,2024-01-29T06:30:31.089Z,2024-01-29T06:30:31.089Z,newsletter,everyone,Memo #252: Üle piiri mõju,,
140799171.memo-251-kas-sa-elad-narvas,2024-01-22T06:30:14.629Z,true,2024-01-22T06:30:14.740Z,2024-01-22T06:30:14.740Z,newsletter,everyone,Memo #251: Kas sa elad narvas?,,
140669272.memo-250-vaike-pind-aga-suur-energia,2024-01-15T06:30:58.354Z,true,2024-01-15T06:30:58.426Z,2024-01-15T06:30:58.426Z,newsletter,everyone,Memo #250: Adum ja Ministeerium,,
140413387.memo-249-valikud,2024-01-08T06:30:43.724Z,true,2024-01-08T06:30:44.274Z,2024-01-08T06:30:44.274Z,newsletter,everyone,Memo #249: Valikud,,
140193146.memo-248-uus-algus,2024-01-01T06:30:39.097Z,true,2024-01-01T06:30:39.734Z,2024-01-01T06:30:39.734Z,newsletter,everyone,Memo #248: Uus algus,,
140027628.memo-247-sammud-teisel-korrusel,2023-12-25T06:30:24.389Z,true,2023-12-25T06:30:24.475Z,2023-12-25T06:30:24.475Z,newsletter,everyone,Memo #247: Sammud teisel korrusel,🎄🎄🎄,
139833370.memo-246-vana-meedia-valesautsud,2023-12-18T06:30:41.406Z,true,2023-12-18T06:30:41.471Z,2023-12-18T06:30:41.471Z,newsletter,everyone,Memo #246: Vana meedia valesäutsud,,
139637279.memo-245-tasuta,2023-12-11T06:30:21.341Z,true,2023-12-11T06:30:21.406Z,2023-12-11T06:30:21.406Z,newsletter,everyone,Memo #245: Tasuta,,
139331198.memo-244-humanistlikud-plaanid,2023-12-04T06:30:40.164Z,true,2023-12-04T06:30:40.236Z,2023-12-04T06:30:40.236Z,newsletter,everyone,Memo #244: Humanistlikud plaanid,,
139121722.memo-243-tasahilju,2023-11-27T06:30:38.515Z,true,2023-11-27T06:30:38.584Z,2023-11-27T06:30:38.584Z,newsletter,everyone,Memo #243: Tasahilju,,
138962598.memo-242-tehisarulagedus,2023-11-20T06:30:45.027Z,true,2023-11-20T06:30:45.125Z,2023-11-20T06:30:45.125Z,newsletter,everyone,Memo #242: Tehisarulagedus,,
138750831.memo-241-ole-palun-ebapopulaarne,2023-11-13T06:30:57.445Z,true,2023-11-13T06:30:57.538Z,2023-11-13T06:30:57.538Z,newsletter,everyone,Memo #241: Ole palun ebapopulaarne,,
138573522.memo-240-sild-jaapanist,2023-11-06T06:30:27.377Z,true,2023-11-06T06:30:27.451Z,2023-11-06T06:30:27.451Z,newsletter,everyone,Memo #240: Sild Jaapanist,,
138305433.memo-239-ma-saan-olla-sina,2023-10-30T06:30:20.700Z,true,2023-10-30T06:30:20.926Z,2023-10-30T06:30:20.926Z,newsletter,everyone,Memo #239: Ma saan olla sina,,
138160863.memo-238-tekstikriis-ja-ohuke-riik,2023-10-23T05:30:18.986Z,true,2023-10-23T05:30:19.044Z,2023-10-23T05:30:19.044Z,newsletter,everyone,Memo #238: Tekstikriis ja õhuke riik,,
137902322.memo-237-usutavus,2023-10-16T05:30:29.001Z,true,2023-10-16T05:30:29.059Z,2023-10-16T05:30:29.059Z,newsletter,everyone,Memo #237: Usutavus,,
137663258.memo-236-vaikne-lahkumine,2023-10-09T05:30:18.354Z,true,2023-10-09T05:30:18.497Z,2023-10-09T05:30:18.497Z,newsletter,everyone,Memo #236: Hääletu lahkumine,,
137560842.memo-235-reaktsiooniuhiskond,2023-10-02T05:30:04.892Z,true,2023-10-02T05:30:04.971Z,2023-10-02T05:30:04.971Z,newsletter,everyone,Memo #235: Reaktsiooniühiskond,,
137315965.memo-234-naerata-ometi,2023-09-25T05:30:06.560Z,true,2023-09-25T05:30:06.631Z,2023-09-25T05:30:06.631Z,newsletter,everyone,Memo #234: Naerata ometi,,
137118535.memo-233-aega-votab-aga-asja-saab,2023-09-18T05:30:06.404Z,true,2023-09-18T05:30:06.522Z,2023-09-18T05:30:06.522Z,newsletter,everyone,"Memo #233: Aega võtab, aga asja saab",,
136877047.memo-232-digitriumfi-nadal,2023-09-11T05:30:10.082Z,true,2023-09-11T05:30:10.234Z,2023-09-11T05:30:10.234Z,newsletter,everyone,Memo #232: Digitriumfi nädal,,
136666278.memo-231-kaarid,2023-09-04T05:30:14.714Z,true,2023-09-04T05:30:14.782Z,2023-09-04T05:30:14.782Z,newsletter,everyone,Memo #231: Käärid,,
136426512.memo-230-kuidas-hupata-ule-oma-varju,2023-08-28T05:30:09.850Z,true,2023-08-28T05:30:09.939Z,2023-08-28T05:30:09.939Z,newsletter,everyone,Memo #230: Kuidas hüpata üle oma varju,,
136216903.memo-229-samm-sammult-leppimine,2023-08-21T05:30:17.622Z,true,2023-08-21T05:30:17.731Z,2023-08-21T05:30:17.731Z,newsletter,everyone,Memo #229: Samm-sammult leppimine,,
135955435.memo-228-ai-ai-ai,2023-08-14T05:30:01.989Z,true,2023-08-14T05:30:02.044Z,2023-08-14T05:30:02.044Z,newsletter,everyone,Memo #228: Ai ai ai,,
135715849.memo-227-uli,2023-08-07T05:30:06.082Z,true,2023-08-07T05:30:06.161Z,2023-08-07T05:30:06.161Z,newsletter,everyone,Memo #227: Üli,,
135565897.memo-226-silm-silma-vastu,2023-07-31T05:31:02.271Z,true,2023-07-31T05:31:02.339Z,2023-07-31T05:31:02.339Z,newsletter,everyone,Memo #226: Silm silma vastu,,
135267295.memo-225-suur-sorteerumine,2023-07-24T05:30:10.233Z,true,2023-07-24T05:30:10.339Z,2023-07-24T05:30:10.339Z,newsletter,everyone,Memo #225: Suur sorteerumine,,
135018874.memo-224-misfiti-seiklused,2023-07-17T05:30:08.250Z,true,2023-07-17T05:30:08.339Z,2023-07-17T05:30:08.339Z,newsletter,everyone,Memo #224: Misfiti seiklused,,
133855814.memo-223-kes-kardab-ajakirjandust,2023-07-10T05:30:25.067Z,true,2023-07-10T05:30:25.137Z,2023-07-10T05:30:25.137Z,newsletter,everyone,Memo #223: Kes kardab ajakirjandust?,,
132211136.memo-222-tulu-ja-moju,2023-07-03T05:30:07.515Z,true,2023-07-03T05:30:07.584Z,2023-07-03T05:30:07.584Z,newsletter,everyone,Memo #222: Tulu ja mõju,,
130663839.memo-221-puts-voi-asi,2023-06-26T05:30:11.234Z,true,2023-06-26T05:30:11.322Z,2023-06-26T05:30:11.322Z,newsletter,everyone,Memo #221: Putš või asi,,
128805852.memo-220-kriitika-nursipalustumine,2023-06-19T05:31:04.113Z,true,2023-06-19T05:31:04.178Z,2023-06-19T05:31:04.178Z,newsletter,everyone,Memo #220: Kriitika nursipalustumine,,
127450369.memo-219,2023-06-12T05:31:01.358Z,true,2023-06-12T05:31:01.431Z,2023-06-12T05:31:01.431Z,newsletter,everyone,Memo #219: Läbi metsa ja linna,,
124738870.memo-218-mis-on-suurim-vaartus,2023-06-05T05:30:08.596Z,true,2023-06-05T05:30:08.655Z,2023-06-05T05:30:08.655Z,newsletter,everyone,Memo #218: Mis on suurim väärtus?,,
124122754.memo-217-kulalised,2023-05-29T05:30:30.757Z,true,2023-05-29T05:30:30.820Z,2023-05-29T05:30:30.820Z,newsletter,everyone,Memo #217: Külalised,,
122622275.memo-216-uus-ei-ole-vabandus,2023-05-22T05:30:54.987Z,true,2023-05-22T05:30:55.102Z,2023-05-22T05:30:55.102Z,newsletter,everyone,Memo #216: Uus ei ole vabandus,,
121119603.memo-215-onnelik-klient,2023-05-15T05:30:15.140Z,true,2023-05-15T05:30:15.233Z,2023-05-15T05:30:15.233Z,newsletter,everyone,Memo #215: Õnnelik klient,,
118714656.memo-214-vorgustiku-sees-voi-valjas,2023-05-08T05:30:50.580Z,true,2023-05-08T05:30:50.682Z,2023-05-08T05:30:50.682Z,newsletter,everyone,Memo #214: Võrgustiku sees või väljas,,
118260843.memo-213-e-riigi-erastamine,2023-05-01T05:30:03.688Z,true,2023-05-01T05:30:03.745Z,2023-05-01T05:30:03.745Z,newsletter,everyone,Memo #213: E-riigi erastamine,,
115578222.memo-212-keset-reegleid,2023-04-24T05:31:06.024Z,true,2023-04-24T05:31:06.116Z,2023-04-24T05:31:06.116Z,newsletter,everyone,Memo #212: Keset reegleid,,
114787976.memo-211-kas-infokalupsis-on-alanud,2023-04-17T05:30:51.342Z,true,2023-04-17T05:30:51.429Z,2023-04-17T05:30:51.429Z,newsletter,everyone,Memo #211: Kas infokalüpsis on alanud?,,
114285943.join-me-on-notes,2023-04-12T09:27:56.976Z,true,,,newsletter,everyone,Join me on Notes,A new place to connect,
113266629.memo-210-masin-laheb-lahingusse,2023-04-10T05:30:53.450Z,true,2023-04-10T05:30:53.538Z,2023-04-10T05:30:53.538Z,newsletter,everyone,Memo #210: Masin läheb lahingusse,"Päris pikk Memo, aga noh, oli pikk nädalavahetus ka",
112003399.memo-209-knight-rideri-probleem,2023-04-03T05:30:56.865Z,true,2023-04-03T05:30:57.002Z,2023-04-03T05:30:57.002Z,newsletter,everyone,Memo #209: Knight Rideri probleem,,
110570174.memo-208-mitte-ainult-meestest,2023-03-27T05:30:52.639Z,true,2023-03-27T05:30:52.703Z,2023-03-27T05:30:52.703Z,newsletter,everyone,Memo #208: Mitte ainult meestest,,
109153045.memo-207-enne-valitsust,2023-03-20T06:30:11.313Z,true,2023-03-20T06:30:11.383Z,2023-03-20T06:30:11.383Z,newsletter,everyone,Memo #207: Enne valitsust,,
107834294.memo-206-lootusetust-soova-koletise,2023-03-13T06:30:15.554Z,true,2023-03-13T06:30:15.675Z,2023-03-13T06:30:15.675Z,newsletter,everyone,Memo #206: Lootusetust sööva koletise lõuad,,
106548407.memo-205-kuidas-seda-nimetada,2023-03-06T06:30:18.072Z,true,2023-03-06T06:30:18.133Z,2023-03-06T06:30:18.133Z,newsletter,everyone,Memo #205: Valitud!,,
104989076.memo-204-millest-ajakirjanikud-sulle,2023-02-27T06:30:13.250Z,true,2023-02-27T06:30:13.334Z,2023-02-27T06:30:13.334Z,newsletter,everyone,Memo #204: Millest ajakirjanikud sulle ei räägi,,
103652249.memo-203-segased,2023-02-20T06:30:08.738Z,true,2023-02-20T06:30:08.811Z,2023-02-20T06:30:08.811Z,newsletter,everyone,Memo #203: Segased,,
102227400.memo-202-rainer-mart-ja-dan,2023-02-13T06:30:05.921Z,true,2023-02-13T06:30:06.063Z,2023-02-13T06:30:06.063Z,newsletter,everyone,"Memo #202: Rainer, Märt ja Dan",,
100804543.memo-201-maagiline,2023-02-06T06:31:02.627Z,true,2023-02-06T06:31:02.715Z,2023-02-06T06:31:02.715Z,newsletter,everyone,Memo #201: Maagiline,,
99561874.memo-200-uued-silmad,2023-01-30T05:31:04.415Z,true,2023-01-30T05:31:04.505Z,2023-01-30T05:31:04.505Z,newsletter,everyone,Memo #200: Uued silmad,,
98081350.memo-199-mangulised-vargused,2023-01-23T06:30:06.215Z,true,2023-01-23T06:30:06.315Z,2023-01-23T06:30:06.315Z,newsletter,everyone,Memo #199: Mängulised vargused,NB! Järgmisel esmaspäeval 30/01 kl 08:30 Memo #200 hommikukohv Vabamus!,
96635500.memo-198-radioaktiivsed-otsused,2023-01-16T06:30:53.766Z,true,2023-01-16T06:30:53.836Z,2023-01-16T06:30:53.836Z,newsletter,everyone,Memo #198: Radioaktiivsed otsused,,
95255860.memo-197-hakkame-hasti-elama,2023-01-09T06:30:57.664Z,true,2023-01-09T06:30:57.742Z,2023-01-09T06:30:57.742Z,newsletter,everyone,Memo #197: Hakkame hästi elama ,,
93880958.memo-196-kas-savisaar-oli-bugi-voi,2023-01-02T06:30:21.718Z,true,2023-01-02T06:30:21.846Z,2023-01-02T06:30:21.846Z,newsletter,everyone,Memo #196: Kas Savisaar oli bugi või featuur?,,
92798776.memo-195-proovime-eksida,2022-12-26T06:30:05.425Z,true,2022-12-26T06:30:05.508Z,2022-12-26T06:30:05.508Z,newsletter,everyone,Memo #195: Proovime eksida,,
91251390.memo-194-minevik-on-moodas,2022-12-19T06:30:54.953Z,true,2022-12-19T06:30:55.043Z,2022-12-19T06:30:55.043Z,newsletter,everyone,Memo #194: Minevik on möödas,,
89756286.memo-193-mis-saab-memokraadist,2022-12-12T06:31:02.197Z,true,2022-12-12T06:31:02.265Z,2022-12-12T06:31:02.265Z,newsletter,everyone,Memo #193: Mis saab Memokraadist? ,,
88594232.memo-192-maailma-peal-valla,2022-12-05T06:30:58.257Z,true,2022-12-05T06:30:58.401Z,2022-12-05T06:30:58.401Z,newsletter,everyone,Memo #192: Maailma peal valla,,
87100658.memo-191-teeme,2022-11-28T06:31:02.912Z,true,2022-11-28T06:31:03.073Z,2022-11-28T06:31:03.073Z,newsletter,everyone,Memo #191: Teeme,,
85511418.memo-190-jalle-olukorrast-inforuumis,2022-11-21T06:30:05.406Z,true,2022-11-21T06:30:05.578Z,2022-11-21T06:30:05.578Z,newsletter,everyone,Memo #190: Jälle olukorrast inforuumis,,
82921665.memo-189-kohanemise-meistriklass,2022-11-14T06:30:21.878Z,true,2022-11-14T06:30:22.457Z,2022-11-14T06:30:22.457Z,newsletter,everyone,Memo #189: Kohanemise meistriklass,,
82511985.memo-188-jalle-jaapan,2022-11-07T06:30:53.311Z,true,2022-11-07T06:30:53.564Z,2022-11-07T06:30:53.564Z,newsletter,everyone,Memo #188: Jälle Jaapan,,
81370698.memo-187-umbne-lugu,2022-10-31T06:30:43.030Z,true,2022-10-31T06:30:43.152Z,2022-10-31T06:30:43.152Z,newsletter,everyone,Memo #187: Umbne lugu,,
80112937.memo-186-suur-luliti,2022-10-24T05:31:00.047Z,true,2022-10-24T05:31:00.211Z,2022-10-24T05:31:00.211Z,newsletter,everyone,Memo #186: Suur lüliti,,
78550091.memo-185-programmeeritavad-rakud,2022-10-17T05:30:21.583Z,true,2022-10-17T05:30:21.695Z,2022-10-17T05:30:21.695Z,newsletter,everyone,Memo #185: Programmeeritavad rakud ja tähikud,,
77169316.memo-184-mudimine-ja-kogumine,2022-10-10T05:30:55.826Z,true,2022-10-10T05:30:55.949Z,2022-10-10T05:30:55.949Z,newsletter,everyone,Memo #184: Mudimine ja kogumine,,
75897143.memo-183-prognoositavad-kaigud,2022-10-03T05:30:59.426Z,true,2022-10-03T05:30:59.569Z,2022-10-03T05:30:59.569Z,newsletter,everyone,Memo #183: Prognoositavad käigud,,
74737391.memo-182-usaldus-ja-uraskid,2022-09-26T05:31:01.494Z,true,2022-09-26T05:31:01.654Z,2022-09-26T05:31:01.654Z,newsletter,everyone,Memo #182: Usaldus ja üraskid,,
73702216.memo-181-olukorrast-inforuumis,2022-09-19T05:31:01.267Z,true,2022-09-19T05:31:01.399Z,2022-09-19T05:31:01.399Z,newsletter,everyone,Memo #181: Olukorrast inforuumis,,
72675897.memo-180-labipaistvamaks,2022-09-12T05:31:18.585Z,true,2022-09-12T05:31:18.759Z,2022-09-12T05:31:18.759Z,newsletter,everyone,Memo #180: Läbipaistvamaks,,
71747664.memo-179-molekulid,2022-09-05T05:30:16.621Z,true,2022-09-05T05:30:16.727Z,2022-09-05T05:30:16.727Z,newsletter,everyone,Memo #179: Molekulid,,
69989321.memo-178-pissivad-inglid,2022-08-29T05:30:37.552Z,true,2022-08-29T05:30:37.725Z,2022-08-29T05:30:37.725Z,newsletter,everyone,Memo # 178: Pissivad inglid,,
69488493.memo-177-omad-ka-teisel-pool,2022-08-22T05:30:14.580Z,true,2022-08-22T05:30:14.810Z,2022-08-22T05:30:14.810Z,newsletter,everyone,Memo #177: Omad ka teisel pool,,
68599522.memo-176-promptomaania,2022-08-15T05:30:45.782Z,true,2022-08-15T05:30:45.971Z,2022-08-15T05:30:45.971Z,newsletter,everyone,Memo #176: Promptomaania,,
67425350.memo-175-voora-moistuse-uha-retsimad,2022-08-08T05:30:10.479Z,true,2022-08-08T05:30:10.616Z,2022-08-08T05:30:10.616Z,newsletter,everyone,Memo #175: Võõra mõistuse pintslitõmbed,,
66641032.parandatud-memo-174-ainult-voltsid,2022-08-01T09:13:32.125Z,true,2022-08-01T09:13:32.857Z,2022-08-01T09:13:32.857Z,newsletter,everyone,Parandatud memo #174: Ainult võltsid jäävad ellu,,
66349855.memo-174-ainult-voltsid-jaavad-ellu,2022-08-01T05:30:17.077Z,true,2022-08-01T05:30:17.217Z,2022-08-01T05:30:17.217Z,newsletter,everyone,Memo #174: Ainult võltsid jäävad ellu,,
65442364.memo-173-visualiseerimise-volud,2022-07-25T05:30:10.839Z,true,2022-07-25T05:30:10.953Z,2022-07-25T05:30:10.953Z,newsletter,everyone,Memo #173: Visualiseerimise võlud,,
64449913.memo-172-rohkem-konteksti-kollapsit,2022-07-18T05:31:01.967Z,true,2022-07-18T05:31:02.081Z,2022-07-18T05:31:02.081Z,newsletter,everyone,Memo #172: Rohkem konteksti kollapsit!,,
63231475.memo-171-asjad-on-muutumas,2022-07-11T05:30:03.630Z,true,2022-07-11T05:30:03.806Z,2022-07-11T05:30:03.806Z,newsletter,everyone,Memo #171: Asjad on muutumas,,
62212972.memo-170-kasvavad,2022-07-04T05:30:06.660Z,true,2022-07-04T05:30:06.781Z,2022-07-04T05:30:06.781Z,newsletter,everyone,Memo #170: Kasvavad,,
60133676.memo-168-selge-peaga-inimesed,2022-06-20T05:30:22.332Z,true,2022-06-20T05:30:22.397Z,2022-06-20T05:30:22.397Z,newsletter,everyone,Memo #168: Selge peaga inimesed,,
59852097.memo-169-ei-sugugi,2022-06-27T05:30:02.234Z,true,2022-06-27T05:30:02.360Z,2022-06-27T05:30:02.360Z,newsletter,everyone,Memo #169: Ei sugugi,,
59108719.memo-167-kui-roolis-on-knievel,2022-06-13T05:30:14.873Z,true,2022-06-13T05:30:14.963Z,2022-06-13T05:30:14.963Z,newsletter,everyone,Memo #167: Kui roolis on Knievel,,
57919945.memo-166-kas-sa-ikka-tahaksid-erakorralisi,2022-06-06T05:30:26.488Z,true,2022-06-06T05:30:26.578Z,2022-06-06T05:30:26.578Z,newsletter,everyone,Memo #166: Kas sa ikka tahaksid erakorralisi valimisi?,,
56966310.memo-165-pohjuseid-pessimismiks,2022-05-30T05:30:39.256Z,true,2022-05-30T05:30:39.403Z,2022-05-30T05:30:39.403Z,newsletter,everyone,Memo #165: Põhjuseid pessimismiks,,
55907348.memo-164-ratas-liikluses-ja-parasiit,2022-05-23T05:30:33.860Z,true,2022-05-23T05:30:34.003Z,2022-05-23T05:30:34.003Z,newsletter,everyone,Memo #164: Ratas liikluses ja parasiit ajus,,
54980031.memo-163-investeerimishuviline-mees,2022-05-16T05:30:28.392Z,true,2022-05-16T05:30:28.518Z,2022-05-16T05:30:28.518Z,newsletter,everyone,Memo #163: Investeerimishuviline mees kaotas pea,,
53965006.memo-162-vabaduse-suurendamise-viisid,2022-05-09T05:30:46.519Z,true,2022-05-09T05:30:46.592Z,2022-05-09T05:30:46.592Z,newsletter,everyone,Memo #162: Vabaduse suurendamise viisid,,
53180544.memo-161-narri-mehe-signaali-mitte,2022-05-02T05:30:34.711Z,true,2022-05-02T05:30:34.821Z,2022-05-02T05:30:34.821Z,newsletter,everyone,"Memo #161: Narri mehe signaali, mitte tema mütsi",,
52757953.memo-160-kujuteldavad-kaaslased,2022-04-25T05:30:36.064Z,true,2022-04-25T05:30:36.176Z,2022-04-25T05:30:36.176Z,newsletter,everyone,Memo #160: Kujuteldavad kaaslased ,,
52285524.memo-159-kuidas-juhtida-vorke,2022-04-18T05:30:31.868Z,true,2022-04-18T05:30:31.925Z,2022-04-18T05:30:31.925Z,newsletter,everyone,Memo #159: Kuidas juhtida võrke,,
51945862.memo-158-eesliinil,2022-04-11T05:30:37.637Z,true,2022-04-11T05:30:37.722Z,2022-04-11T05:30:37.722Z,newsletter,everyone,Memo #158: Eesliinil,,
51489788.memo-157-ettevalmistus-aitab,2022-04-04T05:30:50.633Z,true,2022-04-04T05:30:50.759Z,2022-04-04T05:30:50.759Z,newsletter,everyone,Memo #157: Ettevalmistus aitab,,
51078249.memo-156-tukike-headust,2022-03-28T07:30:29.141Z,true,2022-03-28T07:30:29.229Z,2022-03-28T07:30:29.229Z,newsletter,everyone,Memo #156: Tükike headust,,
50649086.memo-155-oiglane-palk,2022-03-21T06:30:35.920Z,true,2022-03-21T06:30:36.031Z,2022-03-21T06:30:36.031Z,newsletter,everyone,Memo #155: Õiglane palk,,
50196153.memo-154-ladu,2022-03-14T06:30:35.293Z,true,2022-03-14T06:30:35.396Z,2022-03-14T06:30:35.396Z,newsletter,everyone,Memo #154: Ladu,,
49782718.memo-153-reaalpoliitika-ja-reaalsed,2022-03-07T06:30:31.448Z,true,2022-03-07T06:30:31.527Z,2022-03-07T06:30:31.527Z,newsletter,everyone,Memo #153: Reaalpoliitika ja reaalsed sammud,,
49397319.memo-152-inimestele-siin-ja-praegu,2022-02-28T06:30:43.930Z,true,2022-02-28T06:30:44.031Z,2022-02-28T06:30:44.031Z,newsletter,everyone,Memo #152: Inimestele siin ja praegu,,
49025130.memo-151-vabalt,2022-02-21T06:30:31.925Z,true,2022-02-21T06:30:32.047Z,2022-02-21T06:30:32.047Z,newsletter,everyone,Memo #151: Vabaduse keerdkäigud,,
48642728.memo-150-vaimsusest-ja-supermuuladest,2022-02-14T06:30:42.234Z,true,2022-02-14T06:30:42.312Z,2022-02-14T06:30:42.312Z,newsletter,everyone,Memo 150: Vaimsusest ja supermuuladest,,
48293699.memo-149-sadelev-varav-elu-lopus,2022-02-07T06:30:32.572Z,true,2022-02-07T06:30:32.649Z,2022-02-07T06:30:32.649Z,newsletter,everyone,Memo #149: Sädelev värav elu lõpus,,
47898932.memo-148-uks-sarv-kaks-sarve-kolm,2022-01-31T06:30:35.209Z,true,2022-01-31T06:30:35.305Z,2022-01-31T06:30:35.305Z,newsletter,everyone,"Memo #148: Üks sarv, kaks sarve, kolm...",,
47471581.memo-147-acta-ja-anderson,2022-01-24T06:30:35.543Z,true,2022-01-24T06:30:35.609Z,2022-01-24T06:30:35.609Z,newsletter,everyone,Memo #147: ACTA ja Anderson,,
47115841.memo-146-peaministri-nadal,2022-01-17T06:30:38.787Z,true,2022-01-17T06:30:38.901Z,2022-01-17T06:30:38.901Z,newsletter,everyone,Memo #146: Peaministri nädal,,
46793501.memo-145-,2022-01-10T06:30:36.628Z,true,2022-01-10T06:30:36.753Z,2022-01-10T06:30:36.753Z,newsletter,everyone,Memo #145: 😁 - 🙂 - 😟,,
46441446.memo-144-etuudid-2022-algusest,2022-01-03T06:30:48.757Z,true,2022-01-03T06:30:48.873Z,2022-01-03T06:30:48.873Z,newsletter,everyone,Memo #144: Etüüdid 2022 algusest,,
46010312.memo-143-naised-votke-ule,2021-12-27T06:52:09.772Z,true,2021-12-27T06:52:09.834Z,2021-12-27T06:52:09.834Z,newsletter,everyone,"Memo #143: Naised, võtke üle",,
45361277.memo-142-juhi-joulud,2021-12-20T06:30:44.272Z,true,2021-12-20T06:30:44.399Z,2021-12-20T06:30:44.399Z,newsletter,everyone,Memo #142: Juhi jõulud,,
45328583.memo-141-krupto-web3,2021-12-13T06:30:59.311Z,true,2021-12-13T06:30:59.477Z,2021-12-13T06:30:59.477Z,newsletter,everyone,Memo #141: Krüpto -> Web3,,
44980085.memo-140-eetika-ja-kompetents,2021-12-06T06:30:32.034Z,true,2021-12-06T06:30:32.251Z,2021-12-06T06:30:32.251Z,newsletter,everyone,Memo #140: Eetika ja kompetents,,
44648051.memo-139-hiina-sitt-ja-teadetetahvel,2021-11-29T06:30:38.620Z,true,2021-11-29T06:30:38.942Z,2021-11-29T06:30:38.942Z,newsletter,everyone,"Memo #139: Hiina, sitt ja teadetetahvel",,
44338981.memo-138-leeriaeg,2021-11-22T06:30:35.131Z,true,2021-11-22T06:30:35.264Z,2021-11-22T06:30:35.264Z,newsletter,everyone,Memo #138: Leeriaeg,,
44016895.memo-137-asutajatelt-parijatele-ii,2021-11-15T06:30:40.545Z,true,2021-11-15T06:30:40.649Z,2021-11-15T06:30:40.649Z,newsletter,everyone,"Memo #137: asutajatelt pärijatele, II",,
43651613.memo-136-asutajate-haabuvad-sonumid,2021-11-08T06:30:51.836Z,true,2021-11-08T06:30:51.926Z,2021-11-08T06:30:51.926Z,newsletter,everyone,Memo #136: Asutajatelt pärijatele,,
43308146.memo-135-endised-kuulsused,2021-11-01T06:30:45.661Z,true,2021-11-01T06:30:45.743Z,2021-11-01T06:30:45.743Z,newsletter,everyone,Memo #135: Endised kuulsused,,
42996077.memo-134-kalmaarimangud-eestis,2021-10-25T05:30:40.379Z,true,2021-10-25T05:30:40.473Z,2021-10-25T05:30:40.473Z,newsletter,everyone,"Memo #134: üks kokkupoole, kaks lahkupoole...",,
42679178.memo-133-lonksuke-rahva-eest,2021-10-18T09:13:32.293Z,true,2021-10-18T09:13:32.313Z,2021-10-18T09:13:32.313Z,newsletter,everyone,Memo #133: Lonksuke rahva eest,,
42403082.memo-132-vahtkonnavahetus,2021-10-11T05:30:11.199Z,true,2021-10-11T05:30:11.252Z,2021-10-11T05:30:11.252Z,newsletter,everyone,Memo #132: Vahtkonnavahetus,,
42085271.memo-131-kuri-olla-on-agedam-kui,2021-10-04T05:30:23.163Z,true,2021-10-04T05:30:23.242Z,2021-10-04T05:30:23.242Z,newsletter,everyone,Memo #131: Kuri olla on ägedam kui loll olla,,
41694099.memo-130-viimane-naine,2021-09-27T05:30:31.615Z,true,2021-09-27T05:30:31.673Z,2021-09-27T05:30:31.673Z,newsletter,everyone,Memo #130: Viimane naine,,
41489342.memo-129-linnas,2021-09-20T05:30:42.518Z,true,2021-09-20T05:30:42.556Z,2021-09-20T05:30:42.556Z,newsletter,everyone,Memo #129: Linnas,,
41187457.memo-128-jousaali-muskel,2021-09-13T05:30:33.428Z,true,2021-09-13T05:30:33.503Z,2021-09-13T05:30:33.503Z,newsletter,everyone,Memo #128: Jõusaali muskel,,
40665016.memo-127-kurjad-linnud,2021-09-06T05:30:25.953Z,true,2021-09-06T05:30:25.988Z,2021-09-06T05:30:25.988Z,newsletter,everyone,Memo #127: Kurjad linnud,,
40619259.memo-126-kas-su-kaamera-on-aktuaalne,2021-08-30T05:30:14.496Z,true,2021-08-30T05:30:14.533Z,2021-08-30T05:30:14.533Z,newsletter,everyone,Memo #126: Kas Su kaamera on aktuaalne?,,
40313117.memo-125-jatkugu-jatkupaevad,2021-08-23T05:30:38.071Z,true,2021-08-23T05:30:38.107Z,2021-08-23T05:30:38.107Z,newsletter,everyone,Memo #125: Jätkugu jätkupäevad,,
40004842.memo-124-president,2021-08-16T05:30:02.763Z,true,2021-08-16T05:30:02.805Z,2021-08-16T05:30:02.805Z,newsletter,everyone,Memo #124: President,,
39684459.memo-123-erinevad-rohud,2021-08-09T05:30:46.423Z,true,2021-08-09T05:30:46.454Z,2021-08-09T05:30:46.454Z,newsletter,everyone,Memo #123: Erinevad rohud,,
39417042.memo-122-maa-tuleb-taita-lugudega,2021-08-02T05:30:54.077Z,true,2021-08-02T05:30:54.148Z,2021-08-02T05:30:54.148Z,newsletter,everyone,Memo #122: Maa tuleb täita lugudega,,
39175862.memo-121-tomat-metaversum-ja-president,2021-07-26T05:30:00.992Z,true,2021-07-26T05:30:01.081Z,2021-07-26T05:30:01.081Z,newsletter,everyone,"Memo #121: Tomat, metaversum ja president",,
38895013.memo-120-teaduslik-fantastika,2021-07-19T05:30:36.211Z,true,2021-07-19T05:30:36.249Z,2021-07-19T05:30:36.249Z,newsletter,everyone,Memo #120: Teaduslik fantastika,,
38556854.memo-119-idast-laande,2021-07-12T05:30:02.550Z,true,2021-07-12T05:30:02.686Z,2021-07-12T05:30:02.686Z,newsletter,everyone,Memo #119: Idast Läände,,
38368120.memo-118-stanford-ja-eesti,2021-07-05T05:30:15.113Z,true,2021-07-05T05:30:15.206Z,2021-07-05T05:30:15.206Z,newsletter,everyone,Memo #118: Stanford ja Eesti,,
38063852.memo-117-autodeta,2021-06-28T05:30:36.360Z,true,2021-06-28T05:30:36.474Z,2021-06-28T05:30:36.474Z,newsletter,everyone,Memo #117: Autodeta,,
37745003.memo-116-vasinud-vanad-teadlased,2021-06-21T05:30:30.785Z,true,2021-06-21T05:30:30.902Z,2021-06-21T05:30:30.902Z,newsletter,everyone,Memo #116: sinu põlvkond on sinu vangla,,
37514276.memo-115-lahikontakt,2021-06-14T05:30:09.079Z,true,2021-06-14T05:30:09.174Z,2021-06-14T05:30:09.174Z,newsletter,everyone,Memo #115: Lähikontakt,,
37248940.memo-114-otsas,2021-06-07T05:30:04.606Z,true,2021-06-07T05:30:04.661Z,2021-06-07T05:30:04.661Z,newsletter,everyone,Memo #114: Otsas,,
36979354.memo-113-maa-hoim-illuminaatoris,2021-05-31T05:30:18.446Z,true,2021-05-31T05:30:18.518Z,2021-05-31T05:30:18.518Z,newsletter,everyone,Memo #113: Maa-hõim illuminaatoris,,
36738272.memo-112-memme-kaest-veeresin-taadi,2021-05-24T05:30:55.668Z,true,2021-05-24T05:30:55.748Z,2021-05-24T05:30:55.748Z,newsletter,everyone,"Memo #112: Memme käest veeresin, taadi käest...",,
36466593.memo-111-memo-kirjutavad-jalle-inimesed,2021-05-17T05:30:04.150Z,true,2021-05-17T05:30:04.214Z,2021-05-17T05:30:04.214Z,newsletter,everyone,Memo #111: Memo kirjutavad jälle inimesed,,
36209957.memo-110-saga-sai-ricky-gervaisilt,2021-05-10T05:30:48.621Z,true,2021-05-10T05:30:48.780Z,2021-05-10T05:30:48.780Z,newsletter,everyone,"Memo #110: ""Säga sai Ricky Gervaisilt inteka""",,
35844406.memo-109-koigest-mis-meid-lahutab,2021-05-03T06:00:53.907Z,true,2021-05-03T06:00:53.953Z,2021-05-03T06:00:53.953Z,newsletter,everyone,"Memo #109: Kõigest, mis meid lahutab",,
35561499.memo-108-uued-tuved-vanad-maskid,2021-04-26T05:30:30.192Z,true,2021-04-26T05:30:30.305Z,2021-04-26T05:30:30.305Z,newsletter,everyone,"Memo #108: Uued tüved, vanad maskid ja turundus",,
35260267.memo-107-sopradele,2021-04-19T05:30:32.850Z,true,2021-04-19T05:30:32.930Z,2021-04-19T05:30:32.930Z,newsletter,everyone,Memo #107: Sõpradele,,
34997633.memo-106-ootused-muudavad-reaalsust,2021-04-12T05:30:18.298Z,true,2021-04-12T05:30:18.412Z,2021-04-12T05:30:18.412Z,newsletter,everyone,Memo #106: Läbi jäise tühermaa,,
34733165.memo-105-ulekanded,2021-04-05T05:30:25.337Z,true,2021-04-05T05:30:25.373Z,2021-04-05T05:30:25.373Z,newsletter,everyone,Memo #105: Ülekanded,,
34402398.memo-104-2-sammas-kui-usalduse-moot,2021-03-29T05:30:49.233Z,true,2021-03-29T05:30:49.274Z,2021-03-29T05:30:49.274Z,newsletter,everyone,Memo #104: 2. sammas kui usalduse mõõt,,
34049273.memo-103-dropship,2021-03-22T06:30:56.265Z,true,2021-03-22T06:30:56.301Z,2021-03-22T06:30:56.301Z,newsletter,everyone,Memo #103: Dropship,,
33669038.memo-102-edasi-asum,2021-03-15T06:30:38.624Z,true,2021-03-15T06:30:38.719Z,2021-03-15T06:30:38.719Z,newsletter,everyone,"Memo #102: Edasi, Asum!",,
33336577.memo-101-,2021-03-08T06:30:47.946Z,true,2021-03-08T06:30:48.017Z,2021-03-08T06:30:48.017Z,newsletter,everyone,Memo #101: Kriisi esimene päev,,
33039475.memo-100-sada,2021-03-01T06:31:00.263Z,true,2021-03-01T06:31:00.369Z,2021-03-01T06:31:00.369Z,newsletter,everyone,Memo #100: Sada,,
32772542.memo-99-kaheks-loe,2021-02-22T06:30:53.312Z,true,2021-02-22T06:30:53.402Z,2021-02-22T06:30:53.402Z,newsletter,everyone,Memo #99: Kaheks loe,,
32531991.memo-98-pime-kuulates,2021-02-15T06:30:50.431Z,true,2021-02-15T06:30:50.517Z,2021-02-15T06:30:50.517Z,newsletter,everyone,Memo #98: Õpime kuulates,,
32261010.memo-97-klaas-kuhjaga-pooltis,2021-02-08T06:30:06.645Z,true,2021-02-08T06:30:06.740Z,2021-02-08T06:30:06.740Z,newsletter,everyone,Memo #97: Klaas kuhjaga pooltäis,,
32024793.memo-96-kas-valitsust-saab-ra-niduda,2021-02-01T06:30:50.266Z,true,2021-02-01T06:30:50.398Z,2021-02-01T06:30:50.398Z,newsletter,everyone,Memo #96: Kas valitsust saab ära nõiduda?,,
31800750.memo-95-vastulk-kurjusele,2021-01-25T06:30:59.393Z,true,2021-01-25T06:30:59.481Z,2021-01-25T06:30:59.481Z,newsletter,everyone,Memo #95: Vastulöök kurjusele,,
31584220.memo-94-,2021-01-18T06:30:07.253Z,true,2021-01-18T06:30:07.384Z,2021-01-18T06:30:07.384Z,newsletter,everyone,Memo #94: Kõrged ootused,,
31181616.memo-93-internet-ei-saa-olla-vhem,2021-01-11T06:30:08.763Z,true,2021-01-11T06:30:08.832Z,2021-01-11T06:30:08.832Z,newsletter,everyone,Memo #93: Sympathy for the devil,,
30742921.memo-92-liigutaks-jlle,2021-01-04T06:30:26.347Z,true,2021-01-04T06:30:26.432Z,2021-01-04T06:30:26.432Z,newsletter,everyone,Memo #92: Liigutame jälle,,
29134142.memo-91-uut-on-vaja,2020-12-28T06:30:55.588Z,true,2020-12-28T06:30:55.995Z,2020-12-28T06:30:55.995Z,newsletter,everyone,Memo #91: Uut on vaja,,
26487203.memo-90-kallas-krptokunst-ja-kadunud,2020-12-21T06:30:48.760Z,true,2020-12-21T06:30:48.887Z,2020-12-21T06:30:48.887Z,newsletter,everyone,"Memo #90: Kallas, krüptokunst ja kadunud kirjad",,
25122707.memo-89-oma-ngu,2020-12-14T06:30:56.127Z,true,2020-12-14T06:30:56.235Z,2020-12-14T06:30:56.235Z,newsletter,everyone,Memo #89: Oma nägu,,
22223990.memo-88-majade-vit-ja-kaotus,2020-12-07T06:30:56.053Z,true,2020-12-07T06:30:56.172Z,2020-12-07T06:30:56.172Z,newsletter,everyone,Memo #88: Majade võit ja kaotus,,
20630588.memo-87-telegram-lojaalsus-ja-naised,2020-11-30T06:30:52.068Z,true,2020-11-30T06:30:52.175Z,2020-11-30T06:30:52.175Z,newsletter,everyone,"Memo #87: Telegram, lojaalsus ja naised",,
19440880.memo-86-korruptsioonist,2020-11-23T06:30:10.204Z,true,2020-11-23T06:30:10.265Z,2020-11-23T06:30:10.265Z,newsletter,everyone,Memo #86: Korruptsioonist,,
18134854.memo-85-rgi-paremat-lugu-kui-kloun,2020-11-16T06:30:46.884Z,true,2020-11-16T06:30:46.989Z,2020-11-16T06:30:46.989Z,newsletter,everyone,Memo #85: Räägi paremat lugu kui kloun,,
18084146.memo-84-paiden,2020-11-09T06:30:06.600Z,true,2020-11-09T06:30:06.707Z,2020-11-09T06:30:06.707Z,newsletter,everyone,Memo #84: Paiden!,,
16450090.memo-83-mille-poolt-sa-oled,2020-11-02T06:30:57.857Z,true,2020-11-02T06:30:57.992Z,2020-11-02T06:30:57.992Z,newsletter,everyone,Memo #83: Mille poolt Sa oled?,,
14156450.memo-82-teeme-ise-oma-poliitika-ja,2020-10-26T06:31:02.100Z,true,2020-10-26T06:31:02.178Z,2020-10-26T06:31:02.178Z,newsletter,everyone,Memo #82: Teeme ise oma poliitika ja meedia,,
12355952.memo-81-mart-helme-karje-testid,2020-10-19T05:30:53.947Z,true,2020-10-19T05:30:54.082Z,2020-10-19T05:30:54.082Z,newsletter,everyone,Memo #81: Mart Helme karje-testid,,
9140282.memo-80-elektripardel-ja-krptopunkar,2020-10-12T05:30:51.933Z,true,2020-10-12T05:30:51.994Z,2020-10-12T05:30:51.994Z,newsletter,everyone,Memo #80: Elektripardel ja krüptopunkar,,
6564216.memo-79-kui-krvalmju-vtab-le,2020-10-05T05:30:51.244Z,true,2020-10-05T05:30:51.364Z,2020-10-05T05:30:51.364Z,newsletter,everyone,Memo #79: Kui kõrvalmõju võtab üle,,
4696326.uks-pilvelohkuja-pildiga-draft,,false,,,newsletter,everyone,,,
4694159.memo-78-reaalsusloome,2020-09-28T05:31:01.107Z,true,2020-09-28T05:31:01.206Z,2020-09-28T05:31:01.206Z,newsletter,everyone,Memo #78: Reaalsusloome,,
2707345.memo-77-ringvaade-kuidas-kaasata,2020-09-21T05:30:54.469Z,true,2020-09-21T05:30:54.834Z,2020-09-21T05:30:54.834Z,newsletter,everyone,Memo #77: ringvaade + kuidas kaasata toetajaid,,
1716349.memo-76-plip-plap-plop-lambid-katki,2020-09-14T05:30:46.213Z,true,2020-09-14T05:30:46.320Z,2020-09-14T05:30:46.320Z,newsletter,everyone,Memo #76: Plip. Plap. Plop. Lambid katki.,,
1309602.memo-75-thistamispidudest-kelbaseni,2020-09-07T05:30:46.044Z,true,2020-09-07T05:30:46.163Z,2020-09-07T05:30:46.163Z,newsletter,everyone,"Memo #75: Päästa meid kelbasest, Turovski!",,
914659.memo-74-vtame-ette-riigita,2020-08-31T05:30:45.034Z,true,2020-08-31T05:30:45.162Z,2020-08-31T05:30:45.162Z,newsletter,everyone,"Memo #74: Võtame ette, riigita",,
878783.memo-73-viimane-ndal-suvemoodi,2020-08-24T05:30:36.594Z,true,2020-08-24T05:30:36.761Z,2020-08-24T05:30:36.761Z,newsletter,everyone,Memo #73: Daami rõivas läheb poliitikasse,,
853053.memo-71-poliitilised-paarid,2020-08-17T05:30:40.628Z,true,2020-08-17T05:30:41.032Z,2020-08-17T05:30:41.032Z,newsletter,everyone,Memo #72: Poliitilised paarid,,
801056.memo-70-tehis-august,2020-08-01T19:46:39.622Z,true,2020-08-01T19:46:39.753Z,2020-08-01T19:46:39.753Z,newsletter,everyone,Varasemate Memode arhiiv,Esimesed 71 memo elavad edasi eelmise teenusepakkuja juures.,
